scientific_women,context,question,answer,
Evelyn Beauchamp,"Lady Evelyn Leonora Almina Beauchamp (nacida Herbert; 15 de agosto de 1901 - 31 de enero de 1980) fue una aristócrata inglesa, hija de George Herbert, 5.º Conde de Carnarvon. En noviembre de 1922, junto a su padre y el arqueólogo Howard Carter, fue una de las primeras personas, en tiempos modernos, en entrar tanto a la tumba como a la cámara funeraria del faraón egipcio Tutankamón. Más tarde se casó con Sir Brograve Beauchamp, con quien tuvo una hija. Lady Evelyn murió en 1980, a la edad de 79 años.",¿Dónde nació?,nacida Herbert,
Evelyn Beauchamp,"Lady Evelyn Leonora Almina Beauchamp (nacida Herbert; 15 de agosto de 1901 - 31 de enero de 1980) fue una aristócrata inglesa, hija de George Herbert, 5.º Conde de Carnarvon. En noviembre de 1922, junto a su padre y el arqueólogo Howard Carter, fue una de las primeras personas, en tiempos modernos, en entrar tanto a la tumba como a la cámara funeraria del faraón egipcio Tutankamón. Más tarde se casó con Sir Brograve Beauchamp, con quien tuvo una hija. Lady Evelyn murió en 1980, a la edad de 79 años.",¿De dónde es?,nacida Herbert,
Evelyn Beauchamp,"Lady Evelyn Leonora Almina Beauchamp (nacida Herbert; 15 de agosto de 1901 - 31 de enero de 1980) fue una aristócrata inglesa, hija de George Herbert, 5.º Conde de Carnarvon. En noviembre de 1922, junto a su padre y el arqueólogo Howard Carter, fue una de las primeras personas, en tiempos modernos, en entrar tanto a la tumba como a la cámara funeraria del faraón egipcio Tutankamón. Más tarde se casó con Sir Brograve Beauchamp, con quien tuvo una hija. Lady Evelyn murió en 1980, a la edad de 79 años.",¿En qué lugar nació?,nacida Herbert,
Evelyn Beauchamp,"Lady Evelyn Leonora Almina Beauchamp (nacida Herbert; 15 de agosto de 1901 - 31 de enero de 1980) fue una aristócrata inglesa, hija de George Herbert, 5.º Conde de Carnarvon. En noviembre de 1922, junto a su padre y el arqueólogo Howard Carter, fue una de las primeras personas, en tiempos modernos, en entrar tanto a la tumba como a la cámara funeraria del faraón egipcio Tutankamón. Más tarde se casó con Sir Brograve Beauchamp, con quien tuvo una hija. Lady Evelyn murió en 1980, a la edad de 79 años.",¿Cuándo nació?,15 de agosto de 1901,
Evelyn Beauchamp,"Lady Evelyn Leonora Almina Beauchamp (nacida Herbert; 15 de agosto de 1901 - 31 de enero de 1980) fue una aristócrata inglesa, hija de George Herbert, 5.º Conde de Carnarvon. En noviembre de 1922, junto a su padre y el arqueólogo Howard Carter, fue una de las primeras personas, en tiempos modernos, en entrar tanto a la tumba como a la cámara funeraria del faraón egipcio Tutankamón. Más tarde se casó con Sir Brograve Beauchamp, con quien tuvo una hija. Lady Evelyn murió en 1980, a la edad de 79 años.",¿Cuándo cumple años?,16 de agosto de 1901,
Evelyn Beauchamp,"Lady Evelyn Leonora Almina Beauchamp (nacida Herbert; 15 de agosto de 1901 - 31 de enero de 1980) fue una aristócrata inglesa, hija de George Herbert, 5.º Conde de Carnarvon. En noviembre de 1922, junto a su padre y el arqueólogo Howard Carter, fue una de las primeras personas, en tiempos modernos, en entrar tanto a la tumba como a la cámara funeraria del faraón egipcio Tutankamón. Más tarde se casó con Sir Brograve Beauchamp, con quien tuvo una hija. Lady Evelyn murió en 1980, a la edad de 79 años.",¿Cuál es su fecha de nacimiento?,17 de agosto de 1901,
Evelyn Beauchamp,"Lady Evelyn Leonora Almina Beauchamp (nacida Herbert; 15 de agosto de 1901 - 31 de enero de 1980) fue una aristócrata inglesa, hija de George Herbert, 5.º Conde de Carnarvon. En noviembre de 1922, junto a su padre y el arqueólogo Howard Carter, fue una de las primeras personas, en tiempos modernos, en entrar tanto a la tumba como a la cámara funeraria del faraón egipcio Tutankamón. Más tarde se casó con Sir Brograve Beauchamp, con quien tuvo una hija. Lady Evelyn murió en 1980, a la edad de 79 años.",¿Cuándo murió?,31 de enero de 1980,
Evelyn Beauchamp,"Lady Evelyn Leonora Almina Beauchamp (nacida Herbert; 15 de agosto de 1901 - 31 de enero de 1980) fue una aristócrata inglesa, hija de George Herbert, 5.º Conde de Carnarvon. En noviembre de 1922, junto a su padre y el arqueólogo Howard Carter, fue una de las primeras personas, en tiempos modernos, en entrar tanto a la tumba como a la cámara funeraria del faraón egipcio Tutankamón. Más tarde se casó con Sir Brograve Beauchamp, con quien tuvo una hija. Lady Evelyn murió en 1980, a la edad de 79 años.",¿Cuándo falleció?,32 de enero de 1980,
Evelyn Beauchamp,"Lady Evelyn Leonora Almina Beauchamp (nacida Herbert; 15 de agosto de 1901 - 31 de enero de 1980) fue una aristócrata inglesa, hija de George Herbert, 5.º Conde de Carnarvon. En noviembre de 1922, junto a su padre y el arqueólogo Howard Carter, fue una de las primeras personas, en tiempos modernos, en entrar tanto a la tumba como a la cámara funeraria del faraón egipcio Tutankamón. Más tarde se casó con Sir Brograve Beauchamp, con quien tuvo una hija. Lady Evelyn murió en 1980, a la edad de 79 años.",¿Quién fue?,fue una aristócrata inglesa,
Evelyn Beauchamp,"Lady Evelyn Leonora Almina Beauchamp (nacida Herbert; 15 de agosto de 1901 - 31 de enero de 1980) fue una aristócrata inglesa, hija de George Herbert, 5.º Conde de Carnarvon. En noviembre de 1922, junto a su padre y el arqueólogo Howard Carter, fue una de las primeras personas, en tiempos modernos, en entrar tanto a la tumba como a la cámara funeraria del faraón egipcio Tutankamón. Más tarde se casó con Sir Brograve Beauchamp, con quien tuvo una hija. Lady Evelyn murió en 1980, a la edad de 79 años.",¿Quién era?,fue una aristócrata inglesa,
Evelyn Beauchamp,"Lady Evelyn Leonora Almina Beauchamp (nacida Herbert; 15 de agosto de 1901 - 31 de enero de 1980) fue una aristócrata inglesa, hija de George Herbert, 5.º Conde de Carnarvon. En noviembre de 1922, junto a su padre y el arqueólogo Howard Carter, fue una de las primeras personas, en tiempos modernos, en entrar tanto a la tumba como a la cámara funeraria del faraón egipcio Tutankamón. Más tarde se casó con Sir Brograve Beauchamp, con quien tuvo una hija. Lady Evelyn murió en 1980, a la edad de 79 años.",¿De quién fue hija?,"hija de George Herbert, 5.º Conde de Carnarvon",
Evelyn Beauchamp,"Lady Evelyn Leonora Almina Beauchamp (nacida Herbert; 15 de agosto de 1901 - 31 de enero de 1980) fue una aristócrata inglesa, hija de George Herbert, 5.º Conde de Carnarvon. En noviembre de 1922, junto a su padre y el arqueólogo Howard Carter, fue una de las primeras personas, en tiempos modernos, en entrar tanto a la tumba como a la cámara funeraria del faraón egipcio Tutankamón. Más tarde se casó con Sir Brograve Beauchamp, con quien tuvo una hija. Lady Evelyn murió en 1980, a la edad de 79 años.",¿Quién era su padre?,"hija de George Herbert, 5.º Conde de Carnarvon",
Evelyn Beauchamp,"Lady Evelyn Leonora Almina Beauchamp (nacida Herbert; 15 de agosto de 1901 - 31 de enero de 1980) fue una aristócrata inglesa, hija de George Herbert, 5.º Conde de Carnarvon. En noviembre de 1922, junto a su padre y el arqueólogo Howard Carter, fue una de las primeras personas, en tiempos modernos, en entrar tanto a la tumba como a la cámara funeraria del faraón egipcio Tutankamón. Más tarde se casó con Sir Brograve Beauchamp, con quien tuvo una hija. Lady Evelyn murió en 1980, a la edad de 79 años.",¿Qué hizo en En noviembre de 1922?,"fue una de las primeras personas, en tiempos modernos, en entrar tanto a la tumba como a la cámara funeraria del faraón egipcio Tutankamón",
Evelyn Beauchamp,"Lady Evelyn Leonora Almina Beauchamp (nacida Herbert; 15 de agosto de 1901 - 31 de enero de 1980) fue una aristócrata inglesa, hija de George Herbert, 5.º Conde de Carnarvon. En noviembre de 1922, junto a su padre y el arqueólogo Howard Carter, fue una de las primeras personas, en tiempos modernos, en entrar tanto a la tumba como a la cámara funeraria del faraón egipcio Tutankamón. Más tarde se casó con Sir Brograve Beauchamp, con quien tuvo una hija. Lady Evelyn murió en 1980, a la edad de 79 años.",¿Cuál fue su aporte?,"fue una de las primeras personas, en tiempos modernos, en entrar tanto a la tumba como a la cámara funeraria del faraón egipcio Tutankamón",
Evelyn Beauchamp,"Lady Evelyn Leonora Almina Beauchamp (nacida Herbert; 15 de agosto de 1901 - 31 de enero de 1980) fue una aristócrata inglesa, hija de George Herbert, 5.º Conde de Carnarvon. En noviembre de 1922, junto a su padre y el arqueólogo Howard Carter, fue una de las primeras personas, en tiempos modernos, en entrar tanto a la tumba como a la cámara funeraria del faraón egipcio Tutankamón. Más tarde se casó con Sir Brograve Beauchamp, con quien tuvo una hija. Lady Evelyn murió en 1980, a la edad de 79 años.",¿Qué hizo por la ciencia?,"fue una de las primeras personas, en tiempos modernos, en entrar tanto a la tumba como a la cámara funeraria del faraón egipcio Tutankamón",
Evelyn Beauchamp,"Lady Evelyn Leonora Almina Beauchamp (nacida Herbert; 15 de agosto de 1901 - 31 de enero de 1980) fue una aristócrata inglesa, hija de George Herbert, 5.º Conde de Carnarvon. En noviembre de 1922, junto a su padre y el arqueólogo Howard Carter, fue una de las primeras personas, en tiempos modernos, en entrar tanto a la tumba como a la cámara funeraria del faraón egipcio Tutankamón. Más tarde se casó con Sir Brograve Beauchamp, con quien tuvo una hija. Lady Evelyn murió en 1980, a la edad de 79 años.",¿Con quién se casó?,se casó con Sir Brograve Beauchamp,
Evelyn Beauchamp,"Lady Evelyn Leonora Almina Beauchamp (nacida Herbert; 15 de agosto de 1901 - 31 de enero de 1980) fue una aristócrata inglesa, hija de George Herbert, 5.º Conde de Carnarvon. En noviembre de 1922, junto a su padre y el arqueólogo Howard Carter, fue una de las primeras personas, en tiempos modernos, en entrar tanto a la tumba como a la cámara funeraria del faraón egipcio Tutankamón. Más tarde se casó con Sir Brograve Beauchamp, con quien tuvo una hija. Lady Evelyn murió en 1980, a la edad de 79 años.",¿Quién fue su esposo?,se casó con Sir Brograve Beauchamp,
Evelyn Beauchamp,"Lady Evelyn Leonora Almina Beauchamp (nacida Herbert; 15 de agosto de 1901 - 31 de enero de 1980) fue una aristócrata inglesa, hija de George Herbert, 5.º Conde de Carnarvon. En noviembre de 1922, junto a su padre y el arqueólogo Howard Carter, fue una de las primeras personas, en tiempos modernos, en entrar tanto a la tumba como a la cámara funeraria del faraón egipcio Tutankamón. Más tarde se casó con Sir Brograve Beauchamp, con quien tuvo una hija. Lady Evelyn murió en 1980, a la edad de 79 años.",¿Quién fue su hija?,Lady Evelyn,
Evelyn Beauchamp,"Lady Evelyn Leonora Almina Beauchamp (nacida Herbert; 15 de agosto de 1901 - 31 de enero de 1980) fue una aristócrata inglesa, hija de George Herbert, 5.º Conde de Carnarvon. En noviembre de 1922, junto a su padre y el arqueólogo Howard Carter, fue una de las primeras personas, en tiempos modernos, en entrar tanto a la tumba como a la cámara funeraria del faraón egipcio Tutankamón. Más tarde se casó con Sir Brograve Beauchamp, con quien tuvo una hija. Lady Evelyn murió en 1980, a la edad de 79 años.",¿A qué edad murió?,a la edad de 79 años,
Jane Greaves,"Jane Greaves es una física británica, profesora de astronomía en la Universidad de Cardiff. Mientras estaba en la Universidad de St. Andrews dirigió el equipo que descubrió un protoplaneta dentro del disco protoplanetario alrededor de la joven estrella HL Tauri.[1]​[2]​
En 2017, fue galardonada con la Medalla y Premio Fred Hoyle del Institute of Physics por «su significativa contribución a nuestra comprensión de la formación de planetas y la habitabilidad de los exoplanetas a través de su imagen seminal de los discos de escombros alrededor de estrellas similares al Sol y cuerpos del sistema solar utilizando telescopios de infrarrojo lejano».[3]​
En 2018, anunció los resultados preliminares de los estudios sobre la presencia de fósforo en los restos de supernovas, que indican que el nivel de fósforo en la Nebulosa del Cangrejo es muy inferior al de Casiopea A, lo que hace especular que una escasez de fósforo podría limitar la formación de vida extraterrestre.[4]​[5]​
El 14 de septiembre de 2020, su equipo anunció el descubrimiento de la fosfina en la atmósfera de Venus.[6]​[7]​",¿Quién es?,"es una física británica, profesora de astronomía en la Universidad de Cardiff",
Jane Greaves,"Jane Greaves es una física británica, profesora de astronomía en la Universidad de Cardiff. Mientras estaba en la Universidad de St. Andrews dirigió el equipo que descubrió un protoplaneta dentro del disco protoplanetario alrededor de la joven estrella HL Tauri.[1]​[2]​
En 2017, fue galardonada con la Medalla y Premio Fred Hoyle del Institute of Physics por «su significativa contribución a nuestra comprensión de la formación de planetas y la habitabilidad de los exoplanetas a través de su imagen seminal de los discos de escombros alrededor de estrellas similares al Sol y cuerpos del sistema solar utilizando telescopios de infrarrojo lejano».[3]​
En 2018, anunció los resultados preliminares de los estudios sobre la presencia de fósforo en los restos de supernovas, que indican que el nivel de fósforo en la Nebulosa del Cangrejo es muy inferior al de Casiopea A, lo que hace especular que una escasez de fósforo podría limitar la formación de vida extraterrestre.[4]​[5]​
El 14 de septiembre de 2020, su equipo anunció el descubrimiento de la fosfina en la atmósfera de Venus.[6]​[7]​",¿Por qué es improtante?,Mientras estaba en la Universidad de St. Andrews dirigió el equipo que descubrió un protoplaneta dentro del disco protoplanetario alrededor de la joven estrella HL Tauri.[1]​[2]​,
Jane Greaves,"Jane Greaves es una física británica, profesora de astronomía en la Universidad de Cardiff. Mientras estaba en la Universidad de St. Andrews dirigió el equipo que descubrió un protoplaneta dentro del disco protoplanetario alrededor de la joven estrella HL Tauri.[1]​[2]​
En 2017, fue galardonada con la Medalla y Premio Fred Hoyle del Institute of Physics por «su significativa contribución a nuestra comprensión de la formación de planetas y la habitabilidad de los exoplanetas a través de su imagen seminal de los discos de escombros alrededor de estrellas similares al Sol y cuerpos del sistema solar utilizando telescopios de infrarrojo lejano».[3]​
En 2018, anunció los resultados preliminares de los estudios sobre la presencia de fósforo en los restos de supernovas, que indican que el nivel de fósforo en la Nebulosa del Cangrejo es muy inferior al de Casiopea A, lo que hace especular que una escasez de fósforo podría limitar la formación de vida extraterrestre.[4]​[5]​
El 14 de septiembre de 2020, su equipo anunció el descubrimiento de la fosfina en la atmósfera de Venus.[6]​[7]​",¿Qué hizo?,"En 2017, fue galardonada con la Medalla y Premio Fred Hoyle del Institute of Physics por «su significativa contribución a nuestra comprensión de la formación de planetas y la habitabilidad de los exoplanetas a través de su imagen seminal de los discos de escombros alrededor de estrellas similares al Sol y cuerpos del sistema solar utilizando telescopios de infrarrojo lejano».[3]​",
Jane Greaves,"Jane Greaves es una física británica, profesora de astronomía en la Universidad de Cardiff. Mientras estaba en la Universidad de St. Andrews dirigió el equipo que descubrió un protoplaneta dentro del disco protoplanetario alrededor de la joven estrella HL Tauri.[1]​[2]​
En 2017, fue galardonada con la Medalla y Premio Fred Hoyle del Institute of Physics por «su significativa contribución a nuestra comprensión de la formación de planetas y la habitabilidad de los exoplanetas a través de su imagen seminal de los discos de escombros alrededor de estrellas similares al Sol y cuerpos del sistema solar utilizando telescopios de infrarrojo lejano».[3]​
En 2018, anunció los resultados preliminares de los estudios sobre la presencia de fósforo en los restos de supernovas, que indican que el nivel de fósforo en la Nebulosa del Cangrejo es muy inferior al de Casiopea A, lo que hace especular que una escasez de fósforo podría limitar la formación de vida extraterrestre.[4]​[5]​
El 14 de septiembre de 2020, su equipo anunció el descubrimiento de la fosfina en la atmósfera de Venus.[6]​[7]​",¿Con qué fue galardonada el 2017?,"En 2018, anunció los resultados preliminares de los estudios sobre la presencia de fósforo en los restos de supernovas, que indican que el nivel de fósforo en la Nebulosa del Cangrejo es muy inferior al de Casiopea A, lo que hace especular que una escasez de fósforo podría limitar la formación de vida extraterrestre.[4]​[5]​",
Jane Greaves,"Jane Greaves es una física británica, profesora de astronomía en la Universidad de Cardiff. Mientras estaba en la Universidad de St. Andrews dirigió el equipo que descubrió un protoplaneta dentro del disco protoplanetario alrededor de la joven estrella HL Tauri.[1]​[2]​
En 2017, fue galardonada con la Medalla y Premio Fred Hoyle del Institute of Physics por «su significativa contribución a nuestra comprensión de la formación de planetas y la habitabilidad de los exoplanetas a través de su imagen seminal de los discos de escombros alrededor de estrellas similares al Sol y cuerpos del sistema solar utilizando telescopios de infrarrojo lejano».[3]​
En 2018, anunció los resultados preliminares de los estudios sobre la presencia de fósforo en los restos de supernovas, que indican que el nivel de fósforo en la Nebulosa del Cangrejo es muy inferior al de Casiopea A, lo que hace especular que una escasez de fósforo podría limitar la formación de vida extraterrestre.[4]​[5]​
El 14 de septiembre de 2020, su equipo anunció el descubrimiento de la fosfina en la atmósfera de Venus.[6]​[7]​",¿Qué hizo en 2018?,"El 14 de septiembre de 2020, su equipo anunció el descubrimiento de la fosfina en la atmósfera de Venus.",
Jane Greaves,"Jane Greaves es una física británica, profesora de astronomía en la Universidad de Cardiff. Mientras estaba en la Universidad de St. Andrews dirigió el equipo que descubrió un protoplaneta dentro del disco protoplanetario alrededor de la joven estrella HL Tauri.[1]​[2]​
En 2017, fue galardonada con la Medalla y Premio Fred Hoyle del Institute of Physics por «su significativa contribución a nuestra comprensión de la formación de planetas y la habitabilidad de los exoplanetas a través de su imagen seminal de los discos de escombros alrededor de estrellas similares al Sol y cuerpos del sistema solar utilizando telescopios de infrarrojo lejano».[3]​
En 2018, anunció los resultados preliminares de los estudios sobre la presencia de fósforo en los restos de supernovas, que indican que el nivel de fósforo en la Nebulosa del Cangrejo es muy inferior al de Casiopea A, lo que hace especular que una escasez de fósforo podría limitar la formación de vida extraterrestre.[4]​[5]​
El 14 de septiembre de 2020, su equipo anunció el descubrimiento de la fosfina en la atmósfera de Venus.[6]​[7]​",¿Qué hizo el 2020?,su equipo anunció el descubrimiento de la fosfina en la atmósfera de Venus.,
Jane Greaves,"Jane Greaves es una física británica, profesora de astronomía en la Universidad de Cardiff. Mientras estaba en la Universidad de St. Andrews dirigió el equipo que descubrió un protoplaneta dentro del disco protoplanetario alrededor de la joven estrella HL Tauri.[1]​[2]​
En 2017, fue galardonada con la Medalla y Premio Fred Hoyle del Institute of Physics por «su significativa contribución a nuestra comprensión de la formación de planetas y la habitabilidad de los exoplanetas a través de su imagen seminal de los discos de escombros alrededor de estrellas similares al Sol y cuerpos del sistema solar utilizando telescopios de infrarrojo lejano».[3]​
En 2018, anunció los resultados preliminares de los estudios sobre la presencia de fósforo en los restos de supernovas, que indican que el nivel de fósforo en la Nebulosa del Cangrejo es muy inferior al de Casiopea A, lo que hace especular que una escasez de fósforo podría limitar la formación de vida extraterrestre.[4]​[5]​
El 14 de septiembre de 2020, su equipo anunció el descubrimiento de la fosfina en la atmósfera de Venus.[6]​[7]​",¿Cuándo su equipo anunció el descubrimiento de la fosfina en la atmósfera de Venus?,,El 14 de septiembre de 2020
Ana Fernandez-Sesma,"Ana Fernández-Sesma Cordón (Cáceres, 1965) es una investigadora y viróloga española, profesora de la Escuela Icahn de Medicina en Monte Sinaí en Nueva York (Estados Unidos).",¿Cuándo nació?,1965,
Ana Fernandez-Sesma,"Ana Fernández-Sesma Cordón (Cáceres, 1965) es una investigadora y viróloga española, profesora de la Escuela Icahn de Medicina en Monte Sinaí en Nueva York (Estados Unidos).",¿Cuándo cumple años?,1965,
Ana Fernandez-Sesma,"Ana Fernández-Sesma Cordón (Cáceres, 1965) es una investigadora y viróloga española, profesora de la Escuela Icahn de Medicina en Monte Sinaí en Nueva York (Estados Unidos).",¿Cuál es su fecha de nacimiento?,1965,
Ana Fernandez-Sesma,"Ana Fernández-Sesma Cordón (Cáceres, 1965) es una investigadora y viróloga española, profesora de la Escuela Icahn de Medicina en Monte Sinaí en Nueva York (Estados Unidos).",¿Dónde nació?,Cáceres,
Ana Fernandez-Sesma,"Ana Fernández-Sesma Cordón (Cáceres, 1965) es una investigadora y viróloga española, profesora de la Escuela Icahn de Medicina en Monte Sinaí en Nueva York (Estados Unidos).",¿De dónde es?,Cáceres,
Ana Fernandez-Sesma,"Ana Fernández-Sesma Cordón (Cáceres, 1965) es una investigadora y viróloga española, profesora de la Escuela Icahn de Medicina en Monte Sinaí en Nueva York (Estados Unidos).",¿En qué lugar nació?,Cáceres,
Ana Fernandez-Sesma,"Ana Fernández-Sesma Cordón (Cáceres, 1965) es una investigadora y viróloga española, profesora de la Escuela Icahn de Medicina en Monte Sinaí en Nueva York (Estados Unidos).",¿Quién es?,"es una investigadora y viróloga española, profesora de la Escuela Icahn de Medicina en Monte Sinaí en Nueva York (Estados Unidos).",
Ana Fernandez-Sesma,"Ana Fernández-Sesma Cordón (Cáceres, 1965) es una investigadora y viróloga española, profesora de la Escuela Icahn de Medicina en Monte Sinaí en Nueva York (Estados Unidos).",¿De dónde es profesora?,de la Escuela Icahn de Medicina en Monte Sinaí en Nueva York (Estados Unidos).,
Marie-Lise Chanin,"Marie-Lise Paule Andrée Lory conocida como Marie-Lise Chanin (Angers, 26 de septiembre de 1934) es una científica francesa, geofísica y aerónoma,[1]​ directora emérita de investigación en el CNRS, autora de trabajos sobre la física de la alta y mediana atmósfera.",¿Cuándo nació?,26 de septiembre de 1934,
Marie-Lise Chanin,"Marie-Lise Paule Andrée Lory conocida como Marie-Lise Chanin (Angers, 26 de septiembre de 1934) es una científica francesa, geofísica y aerónoma,[1]​ directora emérita de investigación en el CNRS, autora de trabajos sobre la física de la alta y mediana atmósfera.",¿Cuándo cumple años?,27 de septiembre de 1934,
Marie-Lise Chanin,"Marie-Lise Paule Andrée Lory conocida como Marie-Lise Chanin (Angers, 26 de septiembre de 1934) es una científica francesa, geofísica y aerónoma,[1]​ directora emérita de investigación en el CNRS, autora de trabajos sobre la física de la alta y mediana atmósfera.",¿Cuál es su fecha de nacimiento?,28 de septiembre de 1934,
Marie-Lise Chanin,"Marie-Lise Paule Andrée Lory conocida como Marie-Lise Chanin (Angers, 26 de septiembre de 1934) es una científica francesa, geofísica y aerónoma,[1]​ directora emérita de investigación en el CNRS, autora de trabajos sobre la física de la alta y mediana atmósfera.",¿Dónde nació?,Angers,
Marie-Lise Chanin,"Marie-Lise Paule Andrée Lory conocida como Marie-Lise Chanin (Angers, 26 de septiembre de 1934) es una científica francesa, geofísica y aerónoma,[1]​ directora emérita de investigación en el CNRS, autora de trabajos sobre la física de la alta y mediana atmósfera.",¿De dónde es?,Angers,
Marie-Lise Chanin,"Marie-Lise Paule Andrée Lory conocida como Marie-Lise Chanin (Angers, 26 de septiembre de 1934) es una científica francesa, geofísica y aerónoma,[1]​ directora emérita de investigación en el CNRS, autora de trabajos sobre la física de la alta y mediana atmósfera.",¿Quién es?,"es una científica francesa, geofísica y aerónoma,[1]​ directora emérita de investigación en el CNRS, autora de trabajos sobre la física de la alta y mediana atmósfera.",
Marie-Lise Chanin,"Marie-Lise Paule Andrée Lory conocida como Marie-Lise Chanin (Angers, 26 de septiembre de 1934) es una científica francesa, geofísica y aerónoma,[1]​ directora emérita de investigación en el CNRS, autora de trabajos sobre la física de la alta y mediana atmósfera.",¿De dónde es directora emérita?,directora emérita de investigación en el CNRS,
Marie-Lise Chanin,"Marie-Lise Paule Andrée Lory conocida como Marie-Lise Chanin (Angers, 26 de septiembre de 1934) es una científica francesa, geofísica y aerónoma,[1]​ directora emérita de investigación en el CNRS, autora de trabajos sobre la física de la alta y mediana atmósfera.",¿De qué autora?,autora de trabajos sobre la física de la alta y mediana atmósfera.,
Presentación López Piñero,"Presentación López Piñero (Ceutí, 28 de septiembre de 1983) es una política murciana, diputada en la Asamblea Regional de Murcia.",¿Cuándo nació?,28 de septiembre de 1983,
Presentación López Piñero,"Presentación López Piñero (Ceutí, 28 de septiembre de 1983) es una política murciana, diputada en la Asamblea Regional de Murcia.",¿Cuándo cumple años?,29 de septiembre de 1983,
Presentación López Piñero,"Presentación López Piñero (Ceutí, 28 de septiembre de 1983) es una política murciana, diputada en la Asamblea Regional de Murcia.",¿Cuál es su fecha de nacimiento?,30 de septiembre de 1983,
Presentación López Piñero,"Presentación López Piñero (Ceutí, 28 de septiembre de 1983) es una política murciana, diputada en la Asamblea Regional de Murcia.",¿Dónde nació?,Ceutí,
Presentación López Piñero,"Presentación López Piñero (Ceutí, 28 de septiembre de 1983) es una política murciana, diputada en la Asamblea Regional de Murcia.",¿De dónde es?,Ceutí,
Presentación López Piñero,"Presentación López Piñero (Ceutí, 28 de septiembre de 1983) es una política murciana, diputada en la Asamblea Regional de Murcia.",¿Quién es?,"es una política murciana, diputada en la Asamblea Regional de Murcia",
Presentación López Piñero,"Presentación López Piñero (Ceutí, 28 de septiembre de 1983) es una política murciana, diputada en la Asamblea Regional de Murcia.",¿De dónde es diputada?,diputada en la Asamblea Regional de Murcia,
María José Figueras Salvat,"María José Figueras Salvat (Tarragona, 1956) es una bióloga española, catedrática de microbiología e investigadora especializada en microbiología ambiental. Desde mayo de 2018 es rectora de la Universidad Rovira i Virgili convirtiéndose en la primera mujer rectora de esta universidad.",¿Cuándo nació?,1956,
María José Figueras Salvat,"María José Figueras Salvat (Tarragona, 1956) es una bióloga española, catedrática de microbiología e investigadora especializada en microbiología ambiental. Desde mayo de 2018 es rectora de la Universidad Rovira i Virgili convirtiéndose en la primera mujer rectora de esta universidad.",¿Cuándo cumple años?,1956,
María José Figueras Salvat,"María José Figueras Salvat (Tarragona, 1956) es una bióloga española, catedrática de microbiología e investigadora especializada en microbiología ambiental. Desde mayo de 2018 es rectora de la Universidad Rovira i Virgili convirtiéndose en la primera mujer rectora de esta universidad.",¿Cuál es su fecha de nacimiento?,1956,
María José Figueras Salvat,"María José Figueras Salvat (Tarragona, 1956) es una bióloga española, catedrática de microbiología e investigadora especializada en microbiología ambiental. Desde mayo de 2018 es rectora de la Universidad Rovira i Virgili convirtiéndose en la primera mujer rectora de esta universidad.",¿Dónde nació?,Tarragona,
María José Figueras Salvat,"María José Figueras Salvat (Tarragona, 1956) es una bióloga española, catedrática de microbiología e investigadora especializada en microbiología ambiental. Desde mayo de 2018 es rectora de la Universidad Rovira i Virgili convirtiéndose en la primera mujer rectora de esta universidad.",¿De dónde es?,Tarragona,
María José Figueras Salvat,"María José Figueras Salvat (Tarragona, 1956) es una bióloga española, catedrática de microbiología e investigadora especializada en microbiología ambiental. Desde mayo de 2018 es rectora de la Universidad Rovira i Virgili convirtiéndose en la primera mujer rectora de esta universidad.",¿Quién es?,"es una bióloga española, catedrática de microbiología e investigadora especializada en microbiología ambiental. Desde mayo de 2018 es rectora de la Universidad Rovira i Virgili convirtiéndose en la primera mujer rectora de esta universidad.",
María José Figueras Salvat,"María José Figueras Salvat (Tarragona, 1956) es una bióloga española, catedrática de microbiología e investigadora especializada en microbiología ambiental. Desde mayo de 2018 es rectora de la Universidad Rovira i Virgili convirtiéndose en la primera mujer rectora de esta universidad.",¿De qué es catedrática?,catedrática de microbiología e investigadora especializada en microbiología ambiental,
María José Figueras Salvat,"María José Figueras Salvat (Tarragona, 1956) es una bióloga española, catedrática de microbiología e investigadora especializada en microbiología ambiental. Desde mayo de 2018 es rectora de la Universidad Rovira i Virgili convirtiéndose en la primera mujer rectora de esta universidad.",¿Desde cuándo es rectora de la Universidad Rovira i Virgili?,Desde mayo de 2018,
María José Figueras Salvat,"María José Figueras Salvat (Tarragona, 1956) es una bióloga española, catedrática de microbiología e investigadora especializada en microbiología ambiental. Desde mayo de 2018 es rectora de la Universidad Rovira i Virgili convirtiéndose en la primera mujer rectora de esta universidad.",¿De dónde es rectora?,de la Universidad Rovira i Virgili,
María José Figueras Salvat,"María José Figueras Salvat (Tarragona, 1956) es una bióloga española, catedrática de microbiología e investigadora especializada en microbiología ambiental. Desde mayo de 2018 es rectora de la Universidad Rovira i Virgili convirtiéndose en la primera mujer rectora de esta universidad.",¿De dónde es la primera rectora?,de la Universidad Rovira i Virgili,
Nancy Allbritton,Nancy Allbritton es una profesora y presidenta Kenan en el Departamento de Ingeniería Biomédica de la Universidad de Carolina del Norte en Chapel Hill y en la Universidad Estatal de Carolina del Norte.[1]​,¿Quién es?,es una profesora y presidenta Kenan en el Departamento de Ingeniería Biomédica de la Universidad de Carolina del Norte en Chapel Hill y en la Universidad Estatal de Carolina del Norte.,
Nancy Allbritton,Nancy Allbritton es una profesora y presidenta Kenan en el Departamento de Ingeniería Biomédica de la Universidad de Carolina del Norte en Chapel Hill y en la Universidad Estatal de Carolina del Norte.[1]​,¿De dónde es profesora?, en el Departamento de Ingeniería Biomédica de la Universidad de Carolina del Norte en Chapel Hill y en la Universidad Estatal de Carolina del Norte,
Agnes E. Wells,"Agnes Ermina Wells, Doctora (Ph. D) (Saginaw, Míchigan, 4 enero,1876– julio 6, 1959)  fue una educadora americana y activista en favor del sufragio de las mujeres en Women's equal rights movement. Decana de la Universidad de Indiana y catedrática universidad de matemáticas y astronomía.",¿Dónde nació?,"Saginaw, Míchigan",
Agnes E. Wells,"Agnes Ermina Wells, Doctora (Ph. D) (Saginaw, Míchigan, 4 enero,1876– julio 6, 1959)  fue una educadora americana y activista en favor del sufragio de las mujeres en Women's equal rights movement. Decana de la Universidad de Indiana y catedrática universidad de matemáticas y astronomía.",¿De dónde es?,"Saginaw, Míchigan",
Agnes E. Wells,"Agnes Ermina Wells, Doctora (Ph. D) (Saginaw, Míchigan, 4 enero,1876– julio 6, 1959)  fue una educadora americana y activista en favor del sufragio de las mujeres en Women's equal rights movement. Decana de la Universidad de Indiana y catedrática universidad de matemáticas y astronomía.",¿En qué lugar nació?,"Saginaw, Míchigan",
Agnes E. Wells,"Agnes Ermina Wells, Doctora (Ph. D) (Saginaw, Míchigan, 4 enero,1876– julio 6, 1959)  fue una educadora americana y activista en favor del sufragio de las mujeres en Women's equal rights movement. Decana de la Universidad de Indiana y catedrática universidad de matemáticas y astronomía.",¿Cuándo nació?,"4 enero,1876",
Agnes E. Wells,"Agnes Ermina Wells, Doctora (Ph. D) (Saginaw, Míchigan, 4 enero,1876– julio 6, 1959)  fue una educadora americana y activista en favor del sufragio de las mujeres en Women's equal rights movement. Decana de la Universidad de Indiana y catedrática universidad de matemáticas y astronomía.",¿Cuándo cumple años?,"5 enero,1876",
Agnes E. Wells,"Agnes Ermina Wells, Doctora (Ph. D) (Saginaw, Míchigan, 4 enero,1876– julio 6, 1959)  fue una educadora americana y activista en favor del sufragio de las mujeres en Women's equal rights movement. Decana de la Universidad de Indiana y catedrática universidad de matemáticas y astronomía.",¿Cuál es su fecha de nacimiento?,"6 enero,1876",
Agnes E. Wells,"Agnes Ermina Wells, Doctora (Ph. D) (Saginaw, Míchigan, 4 enero,1876– julio 6, 1959)  fue una educadora americana y activista en favor del sufragio de las mujeres en Women's equal rights movement. Decana de la Universidad de Indiana y catedrática universidad de matemáticas y astronomía.",¿Cuándo murió?,"julio 6, 1959",
Agnes E. Wells,"Agnes Ermina Wells, Doctora (Ph. D) (Saginaw, Míchigan, 4 enero,1876– julio 6, 1959)  fue una educadora americana y activista en favor del sufragio de las mujeres en Women's equal rights movement. Decana de la Universidad de Indiana y catedrática universidad de matemáticas y astronomía.",¿Cuándo falleció?,"julio 6, 1960",
Agnes E. Wells,"Agnes Ermina Wells, Doctora (Ph. D) (Saginaw, Míchigan, 4 enero,1876– julio 6, 1959)  fue una educadora americana y activista en favor del sufragio de las mujeres en Women's equal rights movement. Decana de la Universidad de Indiana y catedrática universidad de matemáticas y astronomía.",¿Quién fue?,fue una educadora americana y activista en favor del sufragio de las mujeres en Women's equal rights movement. Decana de la Universidad de Indiana y catedrática universidad de matemáticas y astronomía.,
Agnes E. Wells,"Agnes Ermina Wells, Doctora (Ph. D) (Saginaw, Míchigan, 4 enero,1876– julio 6, 1959)  fue una educadora americana y activista en favor del sufragio de las mujeres en Women's equal rights movement. Decana de la Universidad de Indiana y catedrática universidad de matemáticas y astronomía.",¿Quién era?,fue una educadora americana y activista en favor del sufragio de las mujeres en Women's equal rights movement. Decana de la Universidad de Indiana y catedrática universidad de matemáticas y astronomía.,
Agnes E. Wells,"Agnes Ermina Wells, Doctora (Ph. D) (Saginaw, Míchigan, 4 enero,1876– julio 6, 1959)  fue una educadora americana y activista en favor del sufragio de las mujeres en Women's equal rights movement. Decana de la Universidad de Indiana y catedrática universidad de matemáticas y astronomía.",¿De dónde fue decana?,de la Universidad de Indiana,
Agnes E. Wells,"Agnes Ermina Wells, Doctora (Ph. D) (Saginaw, Míchigan, 4 enero,1876– julio 6, 1959)  fue una educadora americana y activista en favor del sufragio de las mujeres en Women's equal rights movement. Decana de la Universidad de Indiana y catedrática universidad de matemáticas y astronomía.",¿De dónde fue catedrática?,catedrática universidad de matemáticas y astronomía.,
Kim M. Cobb,"Kim Cobb (Madison, 1974) es una climatóloga estadounidense, profesora de la Escuela de Ciencias de la Tierra y la Atmósfera del Instituto de Tecnología de Georgia, y becaria de la Facultad de Energía de Georgia. Está particularmente interesada en la oceanografía, la geoquímica y en la modelización del paleoclima.",¿Dónde nació?,Madison,
Kim M. Cobb,"Kim Cobb (Madison, 1974) es una climatóloga estadounidense, profesora de la Escuela de Ciencias de la Tierra y la Atmósfera del Instituto de Tecnología de Georgia, y becaria de la Facultad de Energía de Georgia. Está particularmente interesada en la oceanografía, la geoquímica y en la modelización del paleoclima.",¿De dónde es?,Madison,
Kim M. Cobb,"Kim Cobb (Madison, 1974) es una climatóloga estadounidense, profesora de la Escuela de Ciencias de la Tierra y la Atmósfera del Instituto de Tecnología de Georgia, y becaria de la Facultad de Energía de Georgia. Está particularmente interesada en la oceanografía, la geoquímica y en la modelización del paleoclima.",¿En qué lugar nació?,Madison,
Kim M. Cobb,"Kim Cobb (Madison, 1974) es una climatóloga estadounidense, profesora de la Escuela de Ciencias de la Tierra y la Atmósfera del Instituto de Tecnología de Georgia, y becaria de la Facultad de Energía de Georgia. Está particularmente interesada en la oceanografía, la geoquímica y en la modelización del paleoclima.",¿Cuándo nació?,1974,
Kim M. Cobb,"Kim Cobb (Madison, 1974) es una climatóloga estadounidense, profesora de la Escuela de Ciencias de la Tierra y la Atmósfera del Instituto de Tecnología de Georgia, y becaria de la Facultad de Energía de Georgia. Está particularmente interesada en la oceanografía, la geoquímica y en la modelización del paleoclima.",¿Cuándo cumple años?,1974,
Kim M. Cobb,"Kim Cobb (Madison, 1974) es una climatóloga estadounidense, profesora de la Escuela de Ciencias de la Tierra y la Atmósfera del Instituto de Tecnología de Georgia, y becaria de la Facultad de Energía de Georgia. Está particularmente interesada en la oceanografía, la geoquímica y en la modelización del paleoclima.",¿Cuál es su fecha de nacimiento?,1974,
Kim M. Cobb,"Kim Cobb (Madison, 1974) es una climatóloga estadounidense, profesora de la Escuela de Ciencias de la Tierra y la Atmósfera del Instituto de Tecnología de Georgia, y becaria de la Facultad de Energía de Georgia. Está particularmente interesada en la oceanografía, la geoquímica y en la modelización del paleoclima.",¿Quién es?,"es una climatóloga estadounidense, profesora de la Escuela de Ciencias de la Tierra y la Atmósfera del Instituto de Tecnología de Georgia, y becaria de la Facultad de Energía de Georgia. Está particularmente interesada en la oceanografía, la geoquímica y en la modelización del paleoclima",
Kim M. Cobb,"Kim Cobb (Madison, 1974) es una climatóloga estadounidense, profesora de la Escuela de Ciencias de la Tierra y la Atmósfera del Instituto de Tecnología de Georgia, y becaria de la Facultad de Energía de Georgia. Está particularmente interesada en la oceanografía, la geoquímica y en la modelización del paleoclima.",¿De dónde es profesora?,profesora de la Escuela de Ciencias de la Tierra y la Atmósfera del Instituto de Tecnología de Georgia,
Kim M. Cobb,"Kim Cobb (Madison, 1974) es una climatóloga estadounidense, profesora de la Escuela de Ciencias de la Tierra y la Atmósfera del Instituto de Tecnología de Georgia, y becaria de la Facultad de Energía de Georgia. Está particularmente interesada en la oceanografía, la geoquímica y en la modelización del paleoclima.",¿De dónde es becaria?,becaria de la Facultad de Energía de Georgia,
Kim M. Cobb,"Kim Cobb (Madison, 1974) es una climatóloga estadounidense, profesora de la Escuela de Ciencias de la Tierra y la Atmósfera del Instituto de Tecnología de Georgia, y becaria de la Facultad de Energía de Georgia. Está particularmente interesada en la oceanografía, la geoquímica y en la modelización del paleoclima.",¿En qué está interesada?,"Está particularmente interesada en la oceanografía, la geoquímica y en la modelización del paleoclima.",
Jaione Valle,"Jaione Valle Turrillas (Pamplona, 1977) es una investigadora española especializada en el área de la biomedicina. Desarrolla su investigación sobre la identificación de las proteínas denominadas BAP (biofilm associated proteins)[1]​ y su relación con enfermedades neurodegenerativas.[2]​ Trabaja en el Grupo de Investigación en Patogénesis Microbiana en el Centro de Investigación Biomédica de Navarra, Navarrabiomed.[3]​",¿Dónde nació?,Pamplona,
Jaione Valle,"Jaione Valle Turrillas (Pamplona, 1977) es una investigadora española especializada en el área de la biomedicina. Desarrolla su investigación sobre la identificación de las proteínas denominadas BAP (biofilm associated proteins)[1]​ y su relación con enfermedades neurodegenerativas.[2]​ Trabaja en el Grupo de Investigación en Patogénesis Microbiana en el Centro de Investigación Biomédica de Navarra, Navarrabiomed.[3]​",¿De dónde es?,Pamplona,
Jaione Valle,"Jaione Valle Turrillas (Pamplona, 1977) es una investigadora española especializada en el área de la biomedicina. Desarrolla su investigación sobre la identificación de las proteínas denominadas BAP (biofilm associated proteins)[1]​ y su relación con enfermedades neurodegenerativas.[2]​ Trabaja en el Grupo de Investigación en Patogénesis Microbiana en el Centro de Investigación Biomédica de Navarra, Navarrabiomed.[3]​",¿En qué lugar nació?,Pamplona,
Jaione Valle,"Jaione Valle Turrillas (Pamplona, 1977) es una investigadora española especializada en el área de la biomedicina. Desarrolla su investigación sobre la identificación de las proteínas denominadas BAP (biofilm associated proteins)[1]​ y su relación con enfermedades neurodegenerativas.[2]​ Trabaja en el Grupo de Investigación en Patogénesis Microbiana en el Centro de Investigación Biomédica de Navarra, Navarrabiomed.[3]​",¿Cuándo nació?,1977,
Jaione Valle,"Jaione Valle Turrillas (Pamplona, 1977) es una investigadora española especializada en el área de la biomedicina. Desarrolla su investigación sobre la identificación de las proteínas denominadas BAP (biofilm associated proteins)[1]​ y su relación con enfermedades neurodegenerativas.[2]​ Trabaja en el Grupo de Investigación en Patogénesis Microbiana en el Centro de Investigación Biomédica de Navarra, Navarrabiomed.[3]​",¿Cuándo cumple años?,1977,
Jaione Valle,"Jaione Valle Turrillas (Pamplona, 1977) es una investigadora española especializada en el área de la biomedicina. Desarrolla su investigación sobre la identificación de las proteínas denominadas BAP (biofilm associated proteins)[1]​ y su relación con enfermedades neurodegenerativas.[2]​ Trabaja en el Grupo de Investigación en Patogénesis Microbiana en el Centro de Investigación Biomédica de Navarra, Navarrabiomed.[3]​",¿Quién es?,"es una investigadora española especializada en el área de la biomedicina. Desarrolla su investigación sobre la identificación de las proteínas denominadas BAP (biofilm associated proteins)[1]​ y su relación con enfermedades neurodegenerativas.[2]​ Trabaja en el Grupo de Investigación en Patogénesis Microbiana en el Centro de Investigación Biomédica de Navarra, Navarrabiomed.[3]​",
Jaione Valle,"Jaione Valle Turrillas (Pamplona, 1977) es una investigadora española especializada en el área de la biomedicina. Desarrolla su investigación sobre la identificación de las proteínas denominadas BAP (biofilm associated proteins)[1]​ y su relación con enfermedades neurodegenerativas.[2]​ Trabaja en el Grupo de Investigación en Patogénesis Microbiana en el Centro de Investigación Biomédica de Navarra, Navarrabiomed.[3]​",¿En qué se especializa?,en el área de la biomedicina,
Jaione Valle,"Jaione Valle Turrillas (Pamplona, 1977) es una investigadora española especializada en el área de la biomedicina. Desarrolla su investigación sobre la identificación de las proteínas denominadas BAP (biofilm associated proteins)[1]​ y su relación con enfermedades neurodegenerativas.[2]​ Trabaja en el Grupo de Investigación en Patogénesis Microbiana en el Centro de Investigación Biomédica de Navarra, Navarrabiomed.[3]​",¿En qué desarrolla su investigación?,sobre la identificación de las proteínas denominadas BAP (biofilm associated proteins)[1]​ y su relación con enfermedades neurodegenerativas,
Jaione Valle,"Jaione Valle Turrillas (Pamplona, 1977) es una investigadora española especializada en el área de la biomedicina. Desarrolla su investigación sobre la identificación de las proteínas denominadas BAP (biofilm associated proteins)[1]​ y su relación con enfermedades neurodegenerativas.[2]​ Trabaja en el Grupo de Investigación en Patogénesis Microbiana en el Centro de Investigación Biomédica de Navarra, Navarrabiomed.[3]​",¿Dónde trabaja?,"Trabaja en el Grupo de Investigación en Patogénesis Microbiana en el Centro de Investigación Biomédica de Navarra, Navarrabiomed",
Pety Guerrero,"María Teresa Guerrero Olivares (Chihuahua, Chihuahua, 11 de junio de 1945), conocida como Pety Guerrero, es una activista y defensora de los Derechos Humanos (en especial del derecho al territorio y el de los pueblos indígenas) y alfabetizadora. Desde el 4 de octubre de 2016 es Titular de la Comisión Estatal para los Pueblos Indígenas del Gobierno del Estado de Chihuahua. [1]​",¿Dónde nació?,"Chihuahua, Chihuahua",
Pety Guerrero,"María Teresa Guerrero Olivares (Chihuahua, Chihuahua, 11 de junio de 1945), conocida como Pety Guerrero, es una activista y defensora de los Derechos Humanos (en especial del derecho al territorio y el de los pueblos indígenas) y alfabetizadora. Desde el 4 de octubre de 2016 es Titular de la Comisión Estatal para los Pueblos Indígenas del Gobierno del Estado de Chihuahua. [1]​",¿De dónde es?,"Chihuahua, Chihuahua",
Pety Guerrero,"María Teresa Guerrero Olivares (Chihuahua, Chihuahua, 11 de junio de 1945), conocida como Pety Guerrero, es una activista y defensora de los Derechos Humanos (en especial del derecho al territorio y el de los pueblos indígenas) y alfabetizadora. Desde el 4 de octubre de 2016 es Titular de la Comisión Estatal para los Pueblos Indígenas del Gobierno del Estado de Chihuahua. [1]​",¿En qué lugar nació?,"Chihuahua, Chihuahua",
Pety Guerrero,"María Teresa Guerrero Olivares (Chihuahua, Chihuahua, 11 de junio de 1945), conocida como Pety Guerrero, es una activista y defensora de los Derechos Humanos (en especial del derecho al territorio y el de los pueblos indígenas) y alfabetizadora. Desde el 4 de octubre de 2016 es Titular de la Comisión Estatal para los Pueblos Indígenas del Gobierno del Estado de Chihuahua. [1]​",¿Cuándo nació?,11 de junio de 1945,
Pety Guerrero,"María Teresa Guerrero Olivares (Chihuahua, Chihuahua, 11 de junio de 1945), conocida como Pety Guerrero, es una activista y defensora de los Derechos Humanos (en especial del derecho al territorio y el de los pueblos indígenas) y alfabetizadora. Desde el 4 de octubre de 2016 es Titular de la Comisión Estatal para los Pueblos Indígenas del Gobierno del Estado de Chihuahua. [1]​",¿Cuándo cumple años?,12 de junio de 1945,
Pety Guerrero,"María Teresa Guerrero Olivares (Chihuahua, Chihuahua, 11 de junio de 1945), conocida como Pety Guerrero, es una activista y defensora de los Derechos Humanos (en especial del derecho al territorio y el de los pueblos indígenas) y alfabetizadora. Desde el 4 de octubre de 2016 es Titular de la Comisión Estatal para los Pueblos Indígenas del Gobierno del Estado de Chihuahua. [1]​",¿Quién es?,es una activista y defensora de los Derechos Humanos (en especial del derecho al territorio y el de los pueblos indígenas) y alfabetizadora. Desde el 4 de octubre de 2016 es Titular de la Comisión Estatal para los Pueblos Indígenas del Gobierno del Estado de Chihuahua. ,
Pety Guerrero,"María Teresa Guerrero Olivares (Chihuahua, Chihuahua, 11 de junio de 1945), conocida como Pety Guerrero, es una activista y defensora de los Derechos Humanos (en especial del derecho al territorio y el de los pueblos indígenas) y alfabetizadora. Desde el 4 de octubre de 2016 es Titular de la Comisión Estatal para los Pueblos Indígenas del Gobierno del Estado de Chihuahua. [1]​",¿Cómo se la conoce?,conocida como Pety Guerrero,
Pety Guerrero,"María Teresa Guerrero Olivares (Chihuahua, Chihuahua, 11 de junio de 1945), conocida como Pety Guerrero, es una activista y defensora de los Derechos Humanos (en especial del derecho al territorio y el de los pueblos indígenas) y alfabetizadora. Desde el 4 de octubre de 2016 es Titular de la Comisión Estatal para los Pueblos Indígenas del Gobierno del Estado de Chihuahua. [1]​",¿De qué es defensora en especial?,en especial del derecho al territorio y el de los pueblos indígenas,
Pety Guerrero,"María Teresa Guerrero Olivares (Chihuahua, Chihuahua, 11 de junio de 1945), conocida como Pety Guerrero, es una activista y defensora de los Derechos Humanos (en especial del derecho al territorio y el de los pueblos indígenas) y alfabetizadora. Desde el 4 de octubre de 2016 es Titular de la Comisión Estatal para los Pueblos Indígenas del Gobierno del Estado de Chihuahua. [1]​",¿Desde cuándo es es Titular de la Comisión Estatal para los Pueblos Indígenas del Gobierno del Estado de Chihuahua?,Desde el 4 de octubre de 2016,
Pety Guerrero,"María Teresa Guerrero Olivares (Chihuahua, Chihuahua, 11 de junio de 1945), conocida como Pety Guerrero, es una activista y defensora de los Derechos Humanos (en especial del derecho al territorio y el de los pueblos indígenas) y alfabetizadora. Desde el 4 de octubre de 2016 es Titular de la Comisión Estatal para los Pueblos Indígenas del Gobierno del Estado de Chihuahua. [1]​",¿Qué es Desde el 4 de octubre de 2016?,es Titular de la Comisión Estatal para los Pueblos Indígenas del Gobierno del Estado de Chihuahua.,